simhash,n_rows,sources,cross_source
8173063221869764254,1923,"['trec5', 'trec6', 'trec7']",True
13416852482701597523,859,"['trec5', 'trec6', 'trec7']",True
17707952155912755081,822,"['trec5', 'trec6', 'trec7']",True
10934724950206496678,513,"['trec5', 'trec6', 'trec7']",True
5690502293020126810,256,['trec7'],False
13024854926491103176,115,"['trec5', 'trec6', 'trec7']",True
17131034008264810329,109,"['trec5', 'trec6', 'trec7']",True
12711571700015186987,108,"['trec5', 'trec6', 'trec7']",True
3723819016958090779,108,['trec7'],False
18283946714346463193,67,['trec5'],False
814187749656737306,67,"['trec5', 'trec6', 'trec7']",True
12802649531410524344,65,['trec7'],False
17707450777670950873,64,"['trec5', 'trec6']",True
12999741551556127791,63,['trec5'],False
10123486280357988687,59,"['trec6', 'trec7']",True
13096266137485367177,49,['trec7'],False
1496514951988037011,47,"['trec5', 'trec6', 'trec7']",True
16754983439370464862,41,['trec7'],False
17707310040048377801,36,['trec5'],False
3530135793622036920,35,['trec7'],False
14973659540142515695,31,['trec7'],False
9407296756162230194,29,['trec7'],False
18283911529974374361,29,['trec5'],False
18283955510439485401,28,['trec5'],False
16757235239184150110,28,['trec7'],False
17707952155913803657,28,"['trec5', 'trec7']",True
18283911529974374345,27,"['trec5', 'trec6']",True
17707450777536733129,27,['trec5'],False
17707485962043039705,25,"['trec5', 'trec6']",True
7531611402515163742,25,['trec7'],False
9337491496762326968,24,['trec7'],False
17131034008265334617,24,"['trec5', 'trec6', 'trec7']",True
12802649531410000056,23,['trec7'],False
5761433961389660793,21,['trec7'],False
9821673507889595514,21,"['trec5', 'trec6', 'trec7']",True
18283920326067396553,21,"['trec5', 'trec6']",True
9337491496762326712,21,['trec7'],False
13416852482567379795,21,"['trec5', 'trec6', 'trec7']",True
17707450777670950857,20,['trec5'],False
14973660089898329583,20,"['trec5', 'trec7']",True
3723819034137959963,20,['trec7'],False
18283946714346463177,19,['trec5'],False
17707984591788748728,18,['trec5'],False
5681493968493387839,18,['trec7'],False
17707952155908560777,17,"['trec5', 'trec7']",True
18283946714346459097,17,['trec5'],False
18283955510439485385,17,['trec5'],False
12807434606016702648,16,['trec7'],False
13416852482701597267,15,['trec5'],False
3724381966911512091,15,['trec7'],False
5752707137601059453,15,['trec7'],False
17707494760560369625,15,['trec7'],False
7531611402515689054,14,['trec7'],False
17707952160207722377,14,"['trec5', 'trec7']",True
3579703828882234907,14,['trec7'],False
17130893270642761593,14,['trec5'],False
5761433961389660797,14,['trec7'],False
11934118785980268575,14,['trec7'],False
17707494760560365561,13,['trec7'],False
17707450777536733145,13,['trec5'],False
13324230496081095258,13,['trec5'],False
5690501167748128831,13,['trec7'],False
10490413001369108408,13,['trec7'],False
16977919047803593145,12,['trec6'],False
13096266137486415753,12,['trec7'],False
7531611402515688030,12,['trec7'],False
3674250981832110520,12,['trec7'],False
7531611402515164766,12,['trec7'],False
9407296756162230192,12,['trec7'],False
12730854305070820040,12,"['trec5', 'trec7']",True
5681493968493387837,12,['trec7'],False
6901540140423170855,12,"['trec5', 'trec7']",True
18283770792351801289,12,['trec5'],False
18283920326067396569,12,['trec5'],False
11940874185421324319,12,['trec7'],False
9337491496762257336,11,['trec7'],False
16977919047803595193,11,['trec6'],False
9337491496695218104,11,['trec7'],False
12999741551824563247,11,['trec5'],False
7975217086804893275,11,['trec7'],False
17707494777740234745,11,['trec7'],False
4518763755727794080,10,['trec5'],False
5762551090965032542,10,['trec7'],False
16754983439370463838,10,['trec7'],False
7531615800562199134,10,['trec7'],False
12822981650764522680,10,['trec7'],False
1497230298567319715,10,['trec5'],False
18283946714346459081,10,['trec5'],False
17995514097059806841,10,['trec7'],False
17396435258724540062,10,['trec5'],False
16754987837416974942,10,['trec7'],False
8335505035385478683,10,['trec7'],False
12822981646477919416,10,['trec7'],False
9337491496762261432,10,['trec7'],False
7987336977707083839,9,['trec7'],False
7987336977707081791,9,['trec7'],False
9337491496695217848,9,['trec7'],False
13416852482701597651,9,['trec5'],False
17707952155912750985,9,"['trec5', 'trec7']",True
10490413001369173944,9,['trec7'],False
18283911529840156617,9,['trec5'],False
11929615186352898079,9,['trec7'],False
11936370585793953823,9,['trec7'],False
18283955512863268857,9,['trec7'],False
9337491496762322872,9,['trec7'],False
17707459573763973065,9,"['trec5', 'trec6']",True
12807434606017751224,8,['trec7'],False
11943125976645074975,8,['trec7'],False
18283946714212241353,8,"['trec5', 'trec6']",True
7987336977707081789,8,['trec7'],False
18283955512867458041,8,['trec7'],False
18284412908216178569,8,"['trec5', 'trec7']",True
17707485962043035609,8,['trec5'],False
14503690548460959481,8,"['trec6', 'trec7']",True
17707310040182595545,7,['trec5'],False
16754983456617507418,7,['trec7'],False
17060115516858019672,7,['trec5'],False
17131034025444679545,7,['trec6'],False
9407296756162213810,7,['trec7'],False
17726016582551383992,7,['trec5'],False
11079335742805228741,7,['trec5'],False
18283946714614898649,7,['trec5'],False
10486012910251845819,7,['trec5'],False
18283946714346463225,7,['trec5'],False
9909508152183563001,7,['trec5'],False
18283911529840152521,7,['trec5'],False
11079335741731486917,7,['trec5'],False
11512626714293145071,7,['trec5'],False
5690501167748659837,7,['trec7'],False
17131034008264810361,7,"['trec5', 'trec6', 'trec7']",True
13272737294625741651,7,['trec5'],False
9337491496695152568,7,['trec7'],False
13416852482701597655,7,['trec5'],False
17707984591855988664,7,['trec5'],False
17707984591855857592,7,['trec5'],False
17707956553959266185,7,"['trec5', 'trec7']",True
13096266141780334473,7,['trec7'],False
15402141582642163640,7,['trec5'],False
17707318836141400009,7,['trec5'],False
17707354023072010233,7,['trec7'],False
17707459573763973081,7,['trec5'],False
17707952155909609353,7,['trec7'],False
9127857116435029595,7,['trec7'],False
17707494777739714553,7,['trec7'],False
12802649531410524345,6,['trec7'],False
9481242883826753705,6,['trec7'],False
10782784133938187371,6,['trec5'],False
9927531365778001144,6,['trec5'],False
18302181003309529129,6,['trec7'],False
10490404205276151736,6,['trec7'],False
13416853032457411411,6,['trec5'],False
17707485961908821961,6,['trec5'],False
17707998335688425464,6,['trec5'],False
9337491496695152312,6,['trec7'],False
13088591400501152875,6,['trec5'],False
9337482700602195896,6,['trec7'],False
17707494777739710457,6,['trec7'],False
13383895080184769121,6,['trec5'],False
13383895082332121697,6,['trec5'],False
13416852482567379923,6,"['trec5', 'trec6', 'trec7']",True
14826321301298458233,6,['trec5'],False
8173098406241853086,6,['trec5'],False
17707310040182595529,6,['trec5'],False
17707389205959333769,6,['trec7'],False
7996344176961824831,6,['trec7'],False
17707450777670946777,6,['trec5'],False
16555030651305908105,6,"['trec5', 'trec7']",True
15554445967792927983,6,['trec5'],False
5690483575562615421,6,['trec7'],False
5761433961389791869,6,['trec7'],False
17210709289440288831,6,['trec7'],False
16757235256431192666,6,['trec7'],False
17131034008131116921,6,['trec5'],False
18283955512863793113,6,['trec7'],False
18284342539471999753,6,['trec5'],False
18284412908216178441,6,['trec5'],False
255876330864444089,5,['trec7'],False
18283946714614894537,5,['trec5'],False
10186029699776177203,5,['trec6'],False
116402591538620583,5,['trec5'],False
17132164310512152185,5,['trec5'],False
18301619152867604521,5,['trec7'],False
17131034009338552153,5,['trec7'],False
18302181003317917737,5,['trec7'],False
901834265349196618,5,['trec5'],False
12802649531411572920,5,['trec7'],False
16757235256431454810,5,['trec7'],False
17698944956658014089,5,"['trec5', 'trec7']",True
11951570233529704479,5,['trec7'],False
9670369737170673721,5,['trec7'],False
12497324787671749513,5,['trec7'],False
12497324787671749505,5,['trec7'],False
12497324787671750529,5,['trec7'],False
17697544178906994571,5,['trec5'],False
6108201245259515803,5,['trec5'],False
9781810059983622058,5,['trec5'],False
11649728030830209208,5,['trec7'],False
17131034008264810333,5,['trec7'],False
14809432794105884281,5,['trec5'],False
8979357044630678305,5,['trec5'],False
17707494777736040441,5,['trec7'],False
13416852478406630227,5,['trec5'],False
10782784718120847595,5,['trec5'],False
10934724950206496686,5,"['trec5', 'trec6', 'trec7']",True
18283955512863264761,5,['trec7'],False
18301618053355976745,5,['trec7'],False
10071661814071674042,5,['trec5'],False
13096569697581394952,5,['trec5'],False
9267685167712630704,5,['trec7'],False
17707494777735516153,5,['trec7'],False
17707952155912754825,5,['trec5'],False
17707450777670946761,5,['trec5'],False
18283779588444823497,5,['trec5'],False
17210709289171853375,5,['trec7'],False
9337491496762257080,5,['trec7'],False
13007860897601719657,5,['trec5'],False
16756109339277306462,5,['trec7'],False
9495177011966734041,5,['trec5'],False
17707494758136061913,5,['trec5'],False
17707310040048375753,5,['trec5'],False
7533863202329374302,5,['trec7'],False
18283911529974370265,4,['trec5'],False
18301618053364365865,4,['trec7'],False
18301619152867605033,4,['trec7'],False
18301618053356108841,4,['trec7'],False
10186025301729403955,4,['trec6'],False
10490404205141868472,4,['trec7'],False
10490410802345852856,4,['trec7'],False
5459300342983598309,4,['trec5'],False
17131034008265330521,4,"['trec5', 'trec6']",True
10934724950206758822,4,['trec5'],False
11087058725842627768,4,['trec5'],False
11262742971247342777,4,['trec5'],False
9909059559610099195,4,['trec7'],False
18283911529974370249,4,['trec5'],False
16784261667510468378,4,['trec5'],False
17130893270776975193,4,['trec7'],False
16977919064983464377,4,['trec6'],False
12802649531412621496,4,['trec7'],False
18011276645814148729,4,['trec7'],False
18283770792486019017,4,['trec5'],False
12802649531411048632,4,['trec7'],False
12802649531410540728,4,['trec7'],False
12802649256532093112,4,['trec7'],False
12497324787671750537,4,['trec7'],False
17844440293288417452,4,"['trec5', 'trec7']",True
16757235256431454814,4,['trec7'],False
12091255760361129145,4,['trec5'],False
12305150771078229434,4,['trec7'],False
17130998823892721497,4,['trec7'],False
6281763101136022427,4,"['trec5', 'trec6', 'trec7']",True
5690501167748128829,4,['trec7'],False
5681493968493391935,4,['trec7'],False
5681493968493389887,4,['trec7'],False
17130998823892721499,4,['trec7'],False
833675070525112763,4,['trec7'],False
18283946714212245449,4,['trec5'],False
11645534280632476584,4,['trec7'],False
5690501167748659773,4,['trec7'],False
17131034008264806233,4,"['trec5', 'trec6', 'trec7']",True
5752698341508037245,4,['trec7'],False
5752426762134919805,4,['trec7'],False
1506219905636016291,4,['trec5'],False
13007825690744040152,4,['trec7'],False
9337491496762322616,4,['trec7'],False
9337491496762261176,4,['trec7'],False
9478995501687459771,4,['trec5'],False
9478995501721014203,4,['trec5'],False
12802800323101305005,4,['trec5'],False
9479354350200158130,4,['trec7'],False
3728885566538882587,4,['trec7'],False
16754983456617507422,4,['trec7'],False
12807399421641992376,4,['trec7'],False
9407296756162230178,4,['trec7'],False
16754983456617769566,4,['trec7'],False
16754984556061436506,4,['trec7'],False
16757235256431192670,4,['trec7'],False
16754984556129069658,4,['trec7'],False
12695006362201098603,4,['trec5'],False
3481762088496064347,4,['trec5'],False
3138795975477092841,4,['trec7'],False
17707345224554684361,4,['trec5'],False
15554375590728299627,4,['trec5'],False
15419593031198224312,4,['trec5'],False
9339530279214887613,4,['trec7'],False
7754265328673260603,4,['trec5'],False
17707952155912754953,4,['trec5'],False
9337491496695214008,4,['trec7'],False
9337491496628108984,4,['trec7'],False
13064057482085944427,4,['trec5'],False
13024857126588100584,4,['trec6'],False
3561377203442376350,4,['trec5'],False
17707952155912755113,4,"['trec5', 'trec6']",True
1345674524962754977,4,['trec5'],False
15402109146699061129,4,"['trec6', 'trec7']",True
13324230496081619546,4,['trec5'],False
13324231050140265082,4,['trec5'],False
13383885172643741081,4,['trec5'],False
1784891248937383407,4,['trec5'],False
1570204588234236971,4,['trec5'],False
13096230957488011961,4,['trec7'],False
13077688806235887497,4,['trec7'],False
7987336977707085887,4,['trec7'],False
15660838298202710745,4,['trec6'],False
8173626171823185566,4,['trec5'],False
8173063256229502622,4,['trec5'],False
8336067985338899995,4,['trec7'],False
13750650375623950323,4,['trec5'],False
14880362637106527227,4,['trec5'],False
8173063221865569950,4,['trec5'],False
17707485962043039689,4,['trec5'],False
17707494760559841273,4,['trec7'],False
8173063221870026398,4,['trec5'],False
8173063222943506078,4,['trec5'],False
17707927966944247800,4,['trec5'],False
17707485961908821977,4,['trec5'],False
17707485961908817865,4,"['trec5', 'trec6']",True
2795659684386309561,4,['trec5'],False
10075727792904367295,4,['trec5'],False
18283955512863267707,4,['trec7'],False
18283955530043662297,4,['trec7'],False
18301618053355977257,4,['trec7'],False
18301619152867735593,4,['trec7'],False
18302181003307433001,4,['trec7'],False
10773776376337697898,4,['trec5'],False
18283955512863267705,4,['trec7'],False
556167669517794186,3,['trec7'],False
18283955510707920841,3,['trec5'],False
10719011917277408984,3,['trec7'],False
10782783575659547883,3,['trec5'],False
10792144161377946539,3,['trec5'],False
10864103473085886170,3,['trec7'],False
10898696161777729510,3,['trec5'],False
10934654581462319014,3,"['trec6', 'trec7']",True
9932034965405371641,3,['trec5'],False
9932034973995306233,3,['trec5'],False
10934724950139387814,3,['trec5'],False
18302181003292751913,3,['trec7'],False
10075868530428372153,3,['trec5'],False
10076027008246031290,3,['trec5'],False
18284342539471999769,3,['trec5'],False
18292889597678170104,3,['trec5'],False
18301609257271343657,3,['trec7'],False
18301618053356107817,3,['trec7'],False
10076150701290761977,3,['trec5'],False
17707485962043035593,3,['trec5'],False
17707494760559845243,3,['trec7'],False
13452881279720561491,3,['trec6'],False
13513775641340724457,3,['trec5'],False
13532521980010080441,3,['trec5'],False
13601315678794526664,3,['trec7'],False
8173063221869764250,3,"['trec5', 'trec6']",True
8173063239049633438,3,['trec5'],False
17707881787168577417,3,"['trec5', 'trec7']",True
17707952147322820489,3,['trec7'],False
17707952155909085065,3,['trec7'],False
17707952155912624009,3,"['trec5', 'trec7']",True
2543132708143223007,3,['trec5'],False
13383895358320126136,3,['trec7'],False
8356194457411813552,3,['trec7'],False
8628801961117982235,3,['trec7'],False
8749523974173187742,3,['trec5'],False
8772226655002094113,3,['trec5'],False
17707459573629755337,3,['trec5'],False
8173098440601591454,3,['trec5'],False
13685624707663875243,3,['trec5'],False
13750791113112305651,3,['trec5'],False
14260420790237236384,3,['trec5'],False
14684610763070678246,3,['trec6'],False
14770039517264121432,3,['trec7'],False
14809432794105884537,3,['trec5'],False
8047274680842821211,3,['trec7'],False
15403749030120779683,3,['trec5'],False
9337489297604849336,3,['trec7'],False
13168514514312675254,3,['trec5'],False
13172251733004070889,3,['trec5'],False
13272737290313997139,3,['trec5'],False
13290751693135223635,3,['trec5'],False
13315241443063179898,3,['trec5'],False
13324230496081095194,3,['trec5'],False
13324230496097872474,3,['trec5'],False
13324248642326309498,3,['trec5'],False
13382823091382430137,3,['trec5'],False
9319263792979288251,3,['trec5'],False
17707954354936010633,3,"['trec5', 'trec6']",True
1506237497822060707,3,['trec5'],False
1557554472301373607,3,['trec5'],False
1702351366878051210,3,['trec7'],False
1711358566132792202,3,['trec7'],False
1784891248920606127,3,['trec5'],False
13088662319001143403,3,['trec5'],False
13096266137482221449,3,['trec7'],False
13096336508829432345,3,['trec5'],False
13109200239246438059,3,['trec5'],False
13113717603254851465,3,['trec7'],False
15554587820898505963,3,['trec5'],False
15618823404295665070,3,['trec5'],False
15835851463759482539,3,['trec5'],False
16360503392981347179,3,['trec5'],False
7974935611828182619,3,['trec7'],False
7975217082509925979,3,['trec7'],False
17707354023067815929,3,['trec7'],False
17707389205955139465,3,['trec7'],False
3169867488310799966,3,['trec7'],False
13024854926491103192,3,['trec7'],False
13024854930786070472,3,['trec7'],False
13032833542243976104,3,['trec5'],False
13065288892412710766,3,['trec5'],False
9337489297739071160,3,['trec7'],False
9337491488105283256,3,['trec7'],False
9337491488172392120,3,['trec7'],False
17707952155912755097,3,['trec7'],False
17707393604001650569,3,['trec7'],False
17707450777536729033,3,['trec5'],False
17707450777670948825,3,['trec5'],False
16365107983561720735,3,['trec5'],False
16753857539463621214,3,['trec7'],False
7532737302422530654,3,['trec7'],False
7754256532580174907,3,['trec5'],False
7759044304691109467,3,['trec7'],False
16754983439370529370,3,['trec7'],False
17707310040048377817,3,['trec5'],False
3579428286246267053,3,['trec5'],False
17708002184041906168,3,['trec5'],False
17708022524656932617,3,['trec5'],False
1488915949421136411,3,['trec7'],False
17725966554422237065,3,['trec7'],False
17725998990298230712,3,['trec5'],False
17725998990365339576,3,['trec5'],False
12999801954985537451,3,['trec5'],False
13007860278906227945,3,['trec5'],False
13016939015354353961,3,['trec5'],False
12802931006389332152,3,['trec7'],False
12807434606014605496,3,['trec7'],False
12807434606017767608,3,['trec7'],False
9405044956348544946,3,['trec7'],False
9407296756162164658,3,['trec7'],False
9407296756162213808,3,['trec7'],False
9433176442900721644,3,['trec5'],False
12915967740035669910,3,"['trec5', 'trec6']",True
17707984591855861752,3,['trec5'],False
17708002183974793144,3,['trec5'],False
17707318838423101401,3,['trec7'],False
17707345224554680281,3,['trec5'],False
16754983439437638234,3,['trec7'],False
16754983456550398554,3,['trec7'],False
16754983456617769562,3,['trec7'],False
16754984556128610906,3,['trec7'],False
16757235239184149086,3,['trec7'],False
16757235256431127130,3,['trec7'],False
17196713699873283425,3,['trec5'],False
12702564500760445995,3,['trec5'],False
12711571700017284139,3,['trec5'],False
9492925057432398140,3,['trec5'],False
9499265943272563897,3,['trec5'],False
9609995972599596280,3,['trec7'],False
12802649531410000057,3,['trec7'],False
12802649531410540729,3,['trec7'],False
12802649531412637880,3,['trec7'],False
9447611975706132771,3,['trec5'],False
9478995501284806587,3,['trec5'],False
18013528427910962809,3,['trec7'],False
18013528444017221209,3,['trec7'],False
18270938380412907449,3,"['trec6', 'trec7']",True
920217613986606267,3,['trec5'],False
920217613986671803,3,['trec5'],False
18283770792486019033,3,['trec5'],False
18283770794650279897,3,['trec7'],False
12497324791966716825,3,['trec7'],False
12597937287905048569,3,['trec7'],False
12670186157531243961,3,['trec6'],False
17697823454793357195,3,['trec5'],False
17697823454793471883,3,['trec5'],False
17697823454793488265,3,['trec5'],False
4012612343063223835,3,['trec7'],False
4017115942690594331,3,['trec7'],False
17697825653816611723,3,['trec5'],False
17698949354700330891,3,['trec5'],False
17703448556286431113,3,['trec7'],False
17707310040048373705,3,['trec5'],False
16757235256431389274,3,['trec7'],False
16757236355875646042,3,['trec7'],False
11943344632874325897,3,['trec7'],False
12222009640455274938,3,['trec7'],False
9630153042145454841,3,['trec5'],False
9652636405515134905,3,['trec5'],False
9678904568517635756,3,"['trec5', 'trec6']",True
12497324787654907777,3,['trec7'],False
12497324787671683977,3,['trec7'],False
17995505300966784633,3,['trec7'],False
16766247269000986008,3,['trec5'],False
16784261667510467994,3,['trec5'],False
16827042150166473306,3,['trec7'],False
16829285153887398490,3,['trec7'],False
16829293949980748378,3,['trec7'],False
16977919064983462329,3,['trec6'],False
17048704794565971053,3,['trec7'],False
17060124312946847610,3,['trec5'],False
17130849290294566873,3,['trec7'],False
17130858086404890585,3,['trec7'],False
6024808626346951869,3,['trec5'],False
18283942304711196057,3,['trec5'],False
814187749657785882,3,"['trec5', 'trec7']",True
11481203141171021049,3,['trec7'],False
11534674731994742650,3,['trec6'],False
11566700209853428656,3,['trec7'],False
11638476863604491701,3,['trec5'],False
11661134512602524857,3,['trec7'],False
11789347588458709179,3,['trec7'],False
9706399904433123029,3,['trec7'],False
11919738135444640649,3,['trec7'],False
11935709319708452843,3,['trec6'],False
6181890606661624875,3,['trec5'],False
5690502267260287549,3,['trec7'],False
17131025212171788121,3,['trec5'],False
17131034007996899161,3,"['trec5', 'trec6', 'trec7']",True
17131034008264810489,3,['trec7'],False
5128841630905691035,3,['trec5'],False
11019508993031088762,3,['trec5'],False
11050860481355703422,3,['trec5'],False
11079335741798595781,3,['trec5'],False
11206412911792336571,3,['trec5'],False
11244728710176814265,3,['trec5'],False
11262742971247343545,3,['trec5'],False
11262743108686296249,3,['trec5'],False
9912717508245080063,3,['trec5'],False
18283911530242809817,3,['trec5'],False
18283920328231133145,3,['trec7'],False
5448572282737770942,3,['trec7'],False
17131035107776438105,3,['trec7'],False
17140485778574266019,3,['trec5'],False
18302181003309530153,3,['trec7'],False
18302182102821157417,3,['trec7'],False
18301619152865508393,3,['trec7'],False
114119459907550904,3,['trec7'],False
10226576485483629739,3,['trec5'],False
10443193503830159851,3,['trec5'],False
10490404205276086200,3,['trec7'],False
10490412992779239352,3,['trec7'],False
10490413001234955960,3,['trec7'],False
10490413001301999544,3,['trec7'],False
10490413001369173688,3,['trec7'],False
18283946714614898633,3,['trec5'],False
18283955510439481305,3,['trec5'],False
552862070723036584,3,['trec7'],False
201792867871670689,2,['trec5'],False
18302181003307433513,2,['trec7'],False
18302181003309399081,2,['trec7'],False
18302182098526059049,2,['trec7'],False
18302182102821157929,2,['trec7'],False
18302459742591234040,2,['trec5'],False
18320368879191091070,2,['trec7'],False
18398935771836572714,2,['trec5'],False
18419523439990330281,2,['trec5'],False
18442044414270293165,2,['trec5'],False
18445733241431833641,2,['trec7'],False
18446296191385386025,2,['trec7'],False
18446296191391677481,2,['trec7'],False
18301618053364496425,2,['trec7'],False
18301619152865507369,2,['trec7'],False
271460683954530011,2,['trec6'],False
261199485960010634,2,['trec7'],False
260557111281984696,2,['trec5'],False
258947690466524042,2,['trec7'],False
258384186579795882,2,['trec7'],False
257135406793285886,2,['trec7'],False
255876202015425209,2,['trec7'],False
255876193425490617,2,['trec7'],False
254188990517658036,2,['trec7'],False
239997040056083635,2,['trec7'],False
206297841804673441,2,['trec5'],False
201971667276570787,2,['trec6'],False
201792870019137953,2,['trec5'],False
18301618053356108329,2,['trec7'],False
18301618053355977225,2,['trec7'],False
18301618053353880617,2,['trec7'],False
10145841587683142587,2,['trec5'],False
10144195475958311099,2,['trec5'],False
10143634051942788587,2,['trec7'],False
10143597347406061755,2,['trec5'],False
10122362681865291055,2,['trec5'],False
10118912217883821227,2,['trec7'],False
10111755481605333107,2,['trec7'],False
10091797687697978873,2,['trec7'],False
10085139749879227065,2,['trec5'],False
10078111527706059963,2,['trec5'],False
10078087635038481593,2,['trec5'],False
10077979594901251257,2,['trec5'],False
10076231373576289194,2,['trec7'],False
10076150701022358777,2,['trec5'],False
10076150159856446713,2,['trec5'],False
10076027008246031034,2,['trec5'],False
10258370023223010491,2,['trec7'],False
10258370023223009467,2,['trec7'],False
10252811169274144189,2,['trec7'],False
10226647953201514667,2,['trec5'],False
10222704047708694604,2,['trec5'],False
10219975070554088635,2,"['trec5', 'trec6']",True
10219948690898511035,2,['trec5'],False
10219948690864956603,2,['trec5'],False
10219948690864940219,2,['trec5'],False
10219843404070199995,2,['trec6'],False
10217852859166343599,2,['trec7'],False
10215761600528887035,2,['trec5'],False
10215338702750181051,2,['trec6'],False
10201969339322115257,2,['trec5'],False
10200490472652842174,2,['trec7'],False
10149310423447356648,2,['trec5'],False
10359515173866915514,2,['trec6'],False
10359454717909296795,2,['trec6'],False
10359436309206476345,2,['trec7'],False
10359418577604870331,2,['trec5'],False
10343870502224356283,2,['trec5'],False
10343729352016487859,2,['trec5'],False
10343674498948800433,2,['trec5'],False
10341861412723361977,2,['trec5'],False
10341686590171898097,2,['trec5'],False
10341439494764308121,2,['trec5'],False
10336197830607725497,2,['trec5'],False
10327923865756951787,2,['trec6'],False
10323847014379972347,2,['trec6'],False
10296643458003183098,2,['trec7'],False
10287713772172520953,2,['trec5'],False
10287538812325437482,2,['trec7'],False
10416146462679872763,2,['trec7'],False
10416146458385167611,2,['trec7'],False
10375340408721755307,2,['trec5'],False
10364389744485180921,2,['trec5'],False
10364309455286956680,2,['trec7'],False
10364292688876970147,2,['trec6'],False
10364230996384878267,2,['trec5'],False
10363958592143959227,2,"['trec6', 'trec7']",True
10363948428005286459,2,['trec6'],False
10363948427969881339,2,['trec7'],False
10362128736325807288,2,['trec5'],False
10361688109020161593,2,['trec7'],False
10360922411042250936,2,['trec5'],False
10359876930070195931,2,['trec5'],False
10359868655682727161,2,['trec6'],False
10359726303419648155,2,['trec5'],False
10039839726966956281,2,['trec5'],False
10038906673457602589,2,['trec5'],False
10036063573227376865,2,['trec6'],False
10001852709433991551,2,['trec7'],False
9988393597061031354,2,['trec7'],False
9967741886919904575,2,['trec6'],False
9934006514224080312,2,['trec5'],False
9933972257746462963,2,['trec7'],False
10487763461713002680,2,['trec5'],False
10484815939440650425,2,['trec5'],False
10483553563089551608,2,['trec7'],False
10472462348629999803,2,['trec5'],False
10443211096016286187,2,['trec5'],False
10443193503830176235,2,['trec5'],False
10442912587199214059,2,['trec5'],False
10430764624394563561,2,['trec5'],False
10496805577274990763,2,['trec5'],False
10490413551124922296,2,['trec7'],False
10490413018548977592,2,['trec7'],False
10490413001369108152,2,['trec7'],False
10490413001302065080,2,['trec7'],False
10490413001234890424,2,['trec7'],False
10490413001167847352,2,['trec7'],False
10490412992779239096,2,['trec7'],False
10064506862314283411,2,['trec5'],False
10060387419544338878,2,['trec7'],False
10058980051153134777,2,['trec5'],False
10058135755038409915,2,['trec5'],False
10055876099713245882,2,['trec7'],False
10055707902217200826,2,['trec7'],False
10053623915381271801,2,['trec6'],False
10041950795735098553,2,['trec5'],False
10720137254631583161,2,['trec5'],False
10720129024385855195,2,['trec7'],False
10719011918351150808,2,['trec7'],False
10719011918351150792,2,"['trec5', 'trec7']",True
10719011917277409224,2,['trec7'],False
10718801911584031145,2,['trec5'],False
10708669327864509947,2,['trec7'],False
10704447203213948091,2,['trec7'],False
10683896265826930169,2,['trec5'],False
10648124904718290107,2,['trec5'],False
10647956645078707961,2,['trec6'],False
10646414612434099737,2,['trec7'],False
10514987225768897720,2,['trec6'],False
10510597973539203256,2,['trec5'],False
10503710907110599865,2,['trec6'],False
10503710907110599864,2,['trec6'],False
10792301656980434153,2,['trec5'],False
10790425328371093129,2,['trec7'],False
10785317542218533035,2,['trec5'],False
10783101338815204458,2,['trec5'],False
10782819863872048235,2,['trec5'],False
10776514589520344554,2,['trec5'],False
10774260878589601979,2,['trec5'],False
10774173274200841640,2,['trec5'],False
10758058477591506363,2,['trec5'],False
10756044712146964395,2,['trec5'],False
10738144477181876648,2,['trec5'],False
10738144477179518376,2,['trec5'],False
10738143927426062760,2,['trec5'],False
10738143927425014184,2,['trec5'],False
10726462771868837033,2,['trec5'],False
10722394571188161707,2,['trec7'],False
9927531363630517496,2,['trec5'],False
9927531363563286265,2,['trec5'],False
9927522550693044985,2,['trec5'],False
9927390774685197738,2,['trec5'],False
9927109297261322937,2,['trec5'],False
9927108053867602867,2,['trec6'],False
9921159543755771131,2,['trec6'],False
9915916217214730431,2,['trec7'],False
9915183721296618936,2,['trec7'],False
10932473150390796206,2,['trec7'],False
10917900528236996777,2,['trec7'],False
10864332178699694047,2,['trec5'],False
10864103481675787995,2,['trec7'],False
10855232352012398011,2,['trec5'],False
10799778181966302363,2,['trec5'],False
10794297120245378456,2,['trec5'],False
11066520114520664313,2,['trec5'],False
11066502256047005881,2,['trec7'],False
11064523748547029536,2,['trec5'],False
11019513391069211258,2,['trec5'],False
11019508988794841722,2,['trec5'],False
11010581496167769314,2,['trec7'],False
10994546366834778289,2,['trec7'],False
10994511182462559409,2,['trec7'],False
10936178198695489187,2,['trec5'],False
10934729348253007782,2,"['trec5', 'trec7']",True
10934724950204399526,2,['trec6'],False
10934707907809820582,2,['trec5'],False
9933961161599913019,2,['trec5'],False
9932035521536405241,2,['trec5'],False
9932035512946470649,2,['trec5'],False
9929676326056985784,2,['trec5'],False
11206167291236289457,2,['trec5'],False
11168250028435161960,2,['trec7'],False
11093839422562053849,2,['trec7'],False
11088345454682944741,2,['trec5'],False
11084814622325155513,2,['trec5'],False
11084675259041393848,2,['trec6'],False
11082555126215257272,2,['trec5'],False
11082527595204283576,2,['trec5'],False
11082423321788755128,2,['trec6'],False
11080303334588755129,2,['trec5'],False
11080171659414023352,2,['trec6'],False
11079335742805490917,2,['trec5'],False
11079335742805226693,2,['trec5'],False
11073530880223144480,2,['trec5'],False
11069264225027434681,2,['trec5'],False
11067014499616599225,2,['trec6'],False
11296493661926831534,2,['trec5'],False
11296493661926827438,2,['trec5'],False
11296489263897355759,2,['trec5'],False
11296489263863801327,2,['trec5'],False
11280687103957776056,2,['trec5'],False
11262743110817002681,2,['trec5'],False
11262743108686296509,2,['trec5'],False
11262742971230565817,2,['trec5'],False
11262461633692808377,2,['trec5'],False
11244728985037943993,2,['trec5'],False
11244728572737860793,2,['trec5'],False
11231006669770959001,2,['trec5'],False
11230866045964789944,2,['trec5'],False
11228930918385003705,2,['trec5'],False
11224417397382130937,2,['trec6'],False
11210775765206968573,2,['trec5'],False
9911346415128881337,2,['trec5'],False
9909200443244645305,2,['trec5'],False
9908383209769380795,2,['trec7'],False
9875638769897282872,2,['trec7'],False
9839674753869119928,2,['trec7'],False
9838584034089476282,2,['trec7'],False
9838025624131471962,2,['trec6'],False
9808256333742661819,2,['trec5'],False
9787602557420036283,2,['trec7'],False
9787461270309446843,2,"['trec5', 'trec6']",True
9785667846586271929,2,['trec5'],False
11370764608422798056,2,['trec7'],False
11368357935044209848,2,['trec5'],False
11367232159553725643,2,['trec5'],False
11306617867314080378,2,['trec5'],False
11296493661943870959,2,['trec5'],False
11521383427909332665,2,['trec5'],False
11517161294536716281,2,['trec5'],False
11517161294536716025,2,['trec5'],False
11517038160374228219,2,['trec6'],False
11515687728031243938,2,['trec5'],False
11514882966110539003,2,['trec7'],False
11513226672023906090,2,['trec7'],False
11512067115495525929,2,['trec5'],False
11509799918730641467,2,['trec6'],False
11494714208457099000,2,['trec6'],False
11476611694323149754,2,['trec7'],False
11438172937564882331,2,['trec6'],False
11438172937564882323,2,['trec6'],False
11433706714891789491,2,['trec6'],False
11375262176975689147,2,['trec5'],False
9911418111255094459,2,['trec5'],False
11655777820916429503,2,['trec7'],False
11654234892757805033,2,['trec5'],False
11649728030829684920,2,['trec7'],False
11646669320294941851,2,['trec7'],False
11645516589745549480,2,['trec7'],False
11643121348896113851,2,['trec5'],False
11641150858568901816,2,['trec7'],False
11641046422261522601,2,['trec5'],False
11638940045762085354,2,['trec7'],False
11637631904822311848,2,['trec5'],False
11620757826756800170,2,['trec7'],False
11577969499881332984,2,['trec7'],False
11572718916916445421,2,['trec7'],False
11568916411096998585,2,['trec5'],False
11565574309946586032,2,['trec7'],False
11523758313164360875,2,['trec5'],False
11805250944102899899,2,['trec5'],False
11803104680224958970,2,['trec7'],False
11802825689856059577,2,['trec5'],False
11792041684374170766,2,['trec7'],False
11789347588458709051,2,['trec7'],False
11787052897439180331,2,['trec5'],False
11785004672383510700,2,['trec7'],False
11772254379410564717,2,['trec5'],False
11736177756833394159,2,['trec5'],False
11731109910763505688,2,['trec7'],False
11730835857448070584,2,['trec7'],False
11679011459138921649,2,['trec5'],False
11665641827645008015,2,['trec7'],False
11661135601410319545,2,"['trec5', 'trec6']",True
11658882856518852859,2,['trec5'],False
11658004194324554921,2,['trec5'],False
9765260745718361841,2,['trec5'],False
9764979987600482747,2,['trec7'],False
9724695541546934459,2,['trec7'],False
9724414302942605013,2,['trec7'],False
9711185958188950699,2,['trec7'],False
9709754389956825002,2,['trec5'],False
9708647310346346937,2,['trec7'],False
9700026333893687200,2,['trec7'],False
11911310928569353706,2,['trec7'],False
11897780338482135434,2,['trec7'],False
11871916393500675513,2,['trec5'],False
11860704390115236508,2,['trec5'],False
11839116111702211881,2,['trec7'],False
11838147084135867817,2,['trec5'],False
11807748879988506873,2,['trec5'],False
11807504803355602096,2,['trec5'],False
12059668019672572091,2,['trec7'],False
12057312032542523963,2,['trec5'],False
12019314843404281787,2,['trec6'],False
11985210072314455219,2,['trec5'],False
11961140383878709279,2,['trec7'],False
11947399511569049320,2,['trec7'],False
11944025222052252841,2,['trec7'],False
11943605225840774824,2,['trec7'],False
11931614501868122091,2,['trec5'],False
11929170302431953336,2,['trec6'],False
9785518965704436985,2,['trec6'],False
9785241509977378429,2,['trec7'],False
9783415344543115931,2,['trec5'],False
9778808044966306219,2,['trec7'],False
9771695372945563803,2,['trec7'],False
9765401504681815803,2,['trec5'],False
12219854078057556728,2,['trec5'],False
12219582101199668411,2,['trec5'],False
12219582101199545531,2,['trec5'],False
12218523256444724281,2,['trec5'],False
12216167977995780139,2,['trec7'],False
12186085874462253242,2,['trec7'],False
12182698825272928440,2,['trec7'],False
12168068323581060344,2,['trec7'],False
12160978057336316715,2,['trec6'],False
12160198441168661533,2,['trec7'],False
12146681033549851897,2,['trec5'],False
12086896888193335705,2,['trec5'],False
12084746789448102923,2,['trec7'],False
12082452391643458442,2,['trec7'],False
12075813216137292721,2,['trec6'],False
12070962360298915513,2,['trec7'],False
12361436699658110137,2,['trec5'],False
12359192873906235065,2,['trec7'],False
12348433110607572605,2,['trec5'],False
12305150771145338298,2,['trec7'],False
12289423355246516196,2,['trec5'],False
12289282611277960288,2,['trec5'],False
12275701163943273659,2,['trec5'],False
12239897526323069857,2,['trec5'],False
12235449150281328123,2,['trec7'],False
12235334658295538936,2,['trec5'],False
12226195142130297343,2,['trec7'],False
12222187950199841466,2,['trec5'],False
12222152765693534910,2,['trec5'],False
12222080468492387114,2,['trec5'],False
12222008553558081594,2,['trec7'],False
12220671575354614968,2,['trec7'],False
9643794548756836058,2,['trec7'],False
9639292200025621161,2,['trec5'],False
9638985281677304302,2,['trec7'],False
9638984199347741865,2,['trec5'],False
9637958631955275995,2,['trec5'],False
9626651501237118650,2,['trec7'],False
12383965557772820657,2,['trec5'],False
12383823029585390776,2,['trec6'],False
12381711541789615289,2,['trec5'],False
12379321609618992313,2,['trec5'],False
12376187747688856616,2,['trec7'],False
12375132628812999866,2,['trec7'],False
12367277563275705265,2,['trec5'],False
12366089695430372538,2,['trec7'],False
12361659213325968569,2,['trec7'],False
12361603641688917481,2,['trec5'],False
12578955266841584361,2,['trec5'],False
12528025191319184571,2,['trec7'],False
12527183662438613929,2,['trec5'],False
12497324787654972297,2,['trec7'],False
12483801202968510651,2,['trec5'],False
12438147959835524776,2,['trec5'],False
12436105479329581247,2,['trec7'],False
12393149072683249337,2,['trec6'],False
12388432306839462073,2,['trec6'],False
12383966107562402992,2,['trec7'],False
9697566181022499001,2,['trec5'],False
9694190108004298168,2,['trec7'],False
9690988947445047731,2,['trec7'],False
9681626541577003235,2,['trec6'],False
9679409926169453811,2,['trec6'],False
9645632928830112441,2,['trec6'],False
12711571700015711275,2,"['trec5', 'trec7']",True
12711571700015187499,2,['trec5'],False
12711571700010992683,2,"['trec5', 'trec7']",True
12711571631295710251,2,"['trec5', 'trec7']",True
12711554107829142571,2,"['trec5', 'trec7']",True
12711433093099176987,2,"['trec5', 'trec6']",True
12672158876812485823,2,['trec5'],False
12672018480941842617,2,['trec7'],False
12670190559872738745,2,['trec6'],False
12669942192818171129,2,['trec5'],False
12669942072658903227,2,['trec5'],False
12669906750715552953,2,['trec5'],False
12669801610081821883,2,"['trec5', 'trec7']",True
12647705813538680793,2,['trec7'],False
12629523859588572395,2,['trec6'],False
12579493404813001918,2,['trec7'],False
9553449891137364031,2,['trec7'],False
9547025412631257467,2,['trec7'],False
9533324408892614075,2,['trec7'],False
9499365998830118065,2,['trec5'],False
9499267032012857523,2,"['trec5', 'trec6']",True
9497297130126158008,2,['trec7'],False
9495177011966717657,2,['trec5'],False
9495177011966062297,2,['trec5'],False
9483636374577931449,2,['trec5'],False
12802649256532617400,2,['trec7'],False
12802649256532109497,2,['trec7'],False
12780634166488105401,2,['trec5'],False
12731401038312761561,2,['trec6'],False
12715086019750225471,2,['trec5'],False
12712702993684743274,2,['trec5'],False
12711580427388732459,2,"['trec5', 'trec7']",True
9481251679919775913,2,['trec7'],False
9481242883826754217,2,['trec7'],False
9479354350200092594,2,['trec7'],False
9479349952153647026,2,['trec7'],False
9476889934439353786,2,['trec7'],False
9465868275431302329,2,['trec5'],False
9462464335572610483,2,['trec6'],False
12802800323101305001,2,['trec5'],False
12802765138729216173,2,['trec5'],False
12802649531412097208,2,['trec7'],False
12802649531410016440,2,['trec7'],False
12802649529263040696,2,['trec7'],False
12802649256532633784,2,['trec7'],False
9626246855205030844,2,['trec7'],False
9605488647295582379,2,['trec5'],False
9573681987419938985,2,['trec5'],False
9407296756162148274,2,['trec7'],False
9407292358115719090,2,['trec7'],False
9406280482022132206,2,['trec7'],False
9364251430119564465,2,['trec5'],False
12809364400957457579,2,['trec5'],False
12807434605983148216,2,['trec7'],False
12807434468577749176,2,['trec7'],False
12807434331138795704,2,['trec7'],False
12807399421644613816,2,['trec7'],False
12805191469388181736,2,['trec5'],False
12802931006390380728,2,['trec7'],False
12802931006387235000,2,['trec7'],False
12802930731512473784,2,['trec7'],False
9482803056416632889,2,['trec7'],False
9481709074725626299,2,['trec5'],False
9481674854424752317,2,['trec5'],False
9351071006530806969,2,['trec6'],False
9351061677761440923,2,['trec7'],False
9351030895833408985,2,['trec7'],False
9337632234250682296,2,['trec7'],False
9337491513942130616,2,['trec7'],False
9337491513875083192,2,['trec7'],False
13019179102428101514,2,['trec7'],False
13009734563922946520,2,['trec5'],False
13005564541711214893,2,['trec7'],False
12965068564433971641,2,['trec5'],False
12842592402786949914,2,['trec5'],False
12821138635610221985,2,['trec7'],False
9411831691837621680,2,['trec5'],False
9411800355789584306,2,['trec7'],False
9411800355789535154,2,['trec7'],False
9407296756162213794,2,['trec7'],False
9337491496628109240,2,['trec7'],False
9337491496628104888,2,['trec7'],False
9337491496628043448,2,['trec7'],False
9337491496561000120,2,['trec7'],False
9337491488038170296,2,['trec7'],False
9337491487971065784,2,['trec7'],False
13041311881067555113,2,['trec7'],False
13026056091414285419,2,['trec5'],False
13026047295321246827,2,['trec5'],False
13025998422966174968,2,['trec5'],False
13025980826741878472,2,['trec7'],False
13024854931859812296,2,['trec5'],False
13024854930794458824,2,['trec5'],False
13024854926491102936,2,['trec7'],False
13024838434890296744,2,['trec5'],False
9352900052578771131,2,['trec7'],False
13096913621177241000,2,['trec5'],False
13096656889515517371,2,['trec5'],False
13096266154665236361,2,['trec7'],False
13096266141781383049,2,['trec7'],False
13096266141779810185,2,['trec7'],False
13095707585578456969,2,['trec5'],False
13095703187531945865,2,['trec7'],False
13095703187527751561,2,"['trec6', 'trec7']",True
13093697644059600873,2,['trec7'],False
13091134597001611517,2,['trec5'],False
13088626614340664296,2,['trec5'],False
13082826534245092537,2,['trec7'],False
13082794944914585017,2,['trec5'],False
13082194312840231819,2,['trec7'],False
13080058795143442105,2,['trec6'],False
9337491496695213752,2,['trec7'],False
9337489289149132472,2,['trec7'],False
9337482700669300664,2,['trec7'],False
9337482700669300408,2,['trec7'],False
9337482700669235128,2,['trec7'],False
9337482700602191800,2,['trec7'],False
9337482700602130360,2,['trec7'],False
9337482700535082680,2,['trec7'],False
9335027920692825272,2,['trec5'],False
9334102948220470440,2,['trec5'],False
9321514493281345723,2,"['trec5', 'trec6']",True
9319263792996589755,2,['trec5'],False
13109202437732806315,2,['trec5'],False
13109137438530060984,2,['trec5'],False
13104658044078024632,2,['trec5'],False
13102322655774510265,2,['trec5'],False
13096973540211461304,2,['trec5'],False
13324230775323699930,2,['trec5'],False
13324230500376062586,2,['trec5'],False
13324230496176024186,2,['trec5'],False
13324230496173386330,2,['trec5'],False
13324230496106261082,2,['trec5'],False
13324230496081619482,2,['trec5'],False
13315223850877135482,2,['trec5'],False
13315223296826354266,2,['trec5'],False
13306343089109969601,2,['trec5'],False
13290752242891037523,2,['trec5'],False
13235813287683072190,2,['trec7'],False
13226258786041170937,2,['trec5'],False
13212748820337967787,2,['trec5'],False
9337489297739067064,2,['trec7'],False
9337489297671897016,2,['trec7'],False
9337489297604853688,2,['trec7'],False
9317130055423082744,2,['trec7'],False
9301462699743363000,2,['trec7'],False
9285486787200884923,2,['trec5'],False
9281335100198412715,2,['trec5'],False
9281264679596451003,2,['trec5'],False
9259582707566415033,2,['trec5'],False
9220387532210563770,2,['trec5'],False
9197799160766131898,2,['trec5'],False
9197517690084388538,2,['trec5'],False
9000711701290837183,2,['trec6'],False
13383877487998724705,2,['trec5'],False
13383859895812680289,2,['trec5'],False
13383859895812549217,2,['trec5'],False
13379391758693804216,2,['trec7'],False
13379073586407400121,2,['trec5'],False
13375000873587606314,2,['trec5'],False
8624159152077983645,2,['trec6'],False
8624158043976421277,2,['trec6'],False
8556744367080054299,2,['trec7'],False
8356194457428591792,2,['trec7'],False
8348624836349466805,2,['trec7'],False
13416852482684820307,2,['trec5'],False
13416852482684820051,2,['trec5'],False
13395294551177536953,2,['trec5'],False
13393051126769297593,2,"['trec5', 'trec6']",True
13388547529423628473,2,['trec5'],False
13383895082332252769,2,['trec5'],False
13383885172610317705,2,['trec5'],False
13383885172610186649,2,['trec5'],False
9319263792996065467,2,['trec5'],False
9319262693484437691,2,['trec5'],False
9319262684877725883,2,['trec5'],False
13488910076739525619,2,['trec7'],False
13488910076739525587,2,['trec5'],False
13488910076739525459,2,['trec5'],False
13483424856479495801,2,['trec5'],False
13434866881211079507,2,['trec5'],False
13419104282515282771,2,['trec5'],False
13419086690329246547,2,['trec5'],False
13418119669718391766,2,['trec5'],False
13417978382474222550,2,['trec5'],False
13416853032457411283,2,['trec5'],False
13416852482701605715,2,['trec6'],False
8920054305395050814,2,['trec5'],False
8772209062816049697,2,['trec5'],False
8749523974173449886,2,['trec5'],False
8749523974173187743,2,['trec5'],False
8624229525251346333,2,['trec6'],False
8173063221871861406,2,['trec5'],False
8173063221869797022,2,['trec5'],False
8173063221869764510,2,['trec5'],False
13601315133350317256,2,['trec5'],False
13590126508252313592,2,['trec7'],False
13585624506348583096,2,['trec7'],False
13584418256562611704,2,['trec5'],False
13582253114535660911,2,['trec5'],False
13567248974186919357,2,['trec5'],False
13532627530978207929,2,['trec5'],False
13532521980009556153,2,['trec5'],False
13532205335685344441,2,['trec5'],False
13524034405208076961,2,['trec5'],False
13523487433623257273,2,['trec5'],False
13513775658520593641,2,['trec5'],False
13506925025004821459,2,['trec5'],False
13944671699258560187,2,['trec5'],False
13915916878066132477,2,['trec7'],False
13872543218932904880,2,['trec7'],False
13808905016316040038,2,['trec7'],False
13750861481856483315,2,['trec5'],False
13672115548795583897,2,['trec5'],False
13672115548762029449,2,['trec5'],False
13672115548761898393,2,['trec5'],False
13672114999006084505,2,['trec5'],False
13672097956609406345,2,['trec5'],False
13672090273022798497,2,['trec5'],False
13643547933239095723,2,['trec7'],False
13612461421988620890,2,['trec5'],False
8317178409945620126,2,['trec5'],False
8177566821497134750,2,['trec5'],False
8173063256229764766,2,['trec5'],False
14971988439289160359,2,['trec7'],False
14953304712248124307,2,['trec5'],False
14888275084726646783,2,['trec7'],False
14881453352372845531,2,['trec5'],False
14880362636835859451,2,['trec5'],False
14836881542540660128,2,['trec5'],False
14829544352065611247,2,['trec7'],False
14826321292708523897,2,['trec5'],False
14684610763070677223,2,['trec6'],False
14521198097206558300,2,['trec7'],False
14503690548460959469,2,['trec7'],False
14503655364088870655,2,['trec7'],False
14180219187711517570,2,['trec7'],False
14180219118992040322,2,['trec7'],False
14108150010767253734,2,['trec6'],False
13947896549630970172,2,['trec7'],False
8171937321958727326,2,['trec5'],False
8155048823360282270,2,['trec5'],False
8101005627831836310,2,['trec5'],False
8063032740604840046,2,"['trec5', 'trec7']",True
8063028342558329470,2,['trec5'],False
8062610717131009722,2,['trec5'],False
8058320443377163898,2,['trec7'],False
8045018342095358590,2,['trec5'],False
8040306044867649146,2,['trec7'],False
8039478043892359038,2,['trec7'],False
15258678276924616616,2,['trec7'],False
15241374109359918763,2,['trec5'],False
15099967758506314720,2,['trec7'],False
14975978625854678489,2,['trec7'],False
14974222490095937007,2,['trec7'],False
14973660089898853871,2,['trec7'],False
15640814489720850382,2,['trec7'],False
15557012153868086947,2,['trec5'],False
15550084223418627307,2,['trec5'],False
15487264675935058913,2,['trec7'],False
15487032755967357035,2,['trec5'],False
15477955185820954857,2,['trec5'],False
15420173573337690040,2,['trec5'],False
15402141582575054776,2,['trec5'],False
15402111344648904329,2,['trec7'],False
15402109146699585417,2,['trec7'],False
15396231782536618558,2,['trec6'],False
15334458125781485459,2,['trec5'],False
8173063221869764246,2,"['trec5', 'trec6']",True
8173063221869747870,2,"['trec5', 'trec6']",True
8173062672113950366,2,['trec5'],False
8172922484381408926,2,['trec5'],False
7987336977707085885,2,['trec7'],False
7921778187365641211,2,['trec5'],False
7896498644885520251,2,['trec7'],False
7895362855817551486,2,['trec7'],False
7895362855816503166,2,['trec7'],False
7763547904318605947,2,['trec5'],False
7763547887138736763,2,['trec5'],False
16329185326066225569,2,['trec5'],False
16322497567962951601,2,['trec5'],False
16203012539885514160,2,['trec5'],False
16179409307609680828,2,['trec5'],False
16068805176252136399,2,['trec5'],False
15963193290499799646,2,['trec5'],False
15923907096028244900,2,['trec7'],False
15820080069977304747,2,['trec5'],False
15746468090515933272,2,['trec7'],False
7627030408220347006,2,['trec6'],False
7619432700070045753,2,['trec7'],False
16753857556710664794,2,['trec7'],False
16753857556643555930,2,['trec7'],False
16753857556643490394,2,['trec7'],False
16753857537315613278,2,['trec7'],False
16689223865189723577,2,['trec7'],False
16688100237320580537,2,['trec7'],False
16688100233025613241,2,['trec7'],False
16685005714340078223,2,['trec5'],False
16555030651305904009,2,['trec7'],False
16554538071589298137,2,['trec7'],False
16542230845796494739,2,['trec5'],False
16484592517639202442,2,['trec7'],False
16483680458983335931,2,['trec5'],False
8038269612782609849,2,['trec5'],False
16754984556129331802,2,['trec7'],False
16754984556129135194,2,['trec7'],False
16754984556061960794,2,['trec7'],False
16754984538949266010,2,['trec7'],False
16754984538948741722,2,['trec7'],False
16754984538881632858,2,['trec7'],False
16754983456617441882,2,['trec7'],False
16754983456616917594,2,['trec7'],False
16754983456549808730,2,['trec7'],False
16754983439437113946,2,['trec7'],False
16754974660524419674,2,['trec7'],False
16754974660523960922,2,['trec7'],False
7754265186939338811,2,['trec5'],False
7686986710653181531,2,['trec7'],False
7684311318850683367,2,['trec7'],False
7677498038644625343,2,['trec6'],False
7465960065403167932,2,['trec6'],False
7465014394151985586,2,['trec7'],False
7461813258525697465,2,['trec5'],False
7461808791751321017,2,['trec5'],False
7461808791749223609,2,['trec5'],False
7331201220176682841,2,['trec6'],False
7329971555794855851,2,['trec5'],False
7178082269192421813,2,['trec5'],False
7178082269192421812,2,['trec7'],False
7178002438314407848,2,['trec6'],False
16757235237036141151,2,['trec7'],False
16756109339277307486,2,['trec7'],False
16756109339276782174,2,['trec7'],False
16756109337129298526,2,['trec7'],False
16755448544852163502,2,['trec7'],False
16754987837416975966,2,['trec7'],False
16827042150166473342,2,['trec7'],False
16827042150099364446,2,['trec7'],False
16827042150099364442,2,['trec7'],False
16784261657780730650,2,['trec5'],False
16766247269000980762,2,['trec5'],False
16766247267927243546,2,['trec5'],False
16766247267927239450,2,['trec5'],False
16766247259338353178,2,['trec5'],False
16757235256430668378,2,['trec7'],False
16757235256430602842,2,['trec7'],False
7530489900655356510,2,['trec7'],False
7530485502608845406,2,['trec7'],False
7486571988301416558,2,"['trec5', 'trec7']",True
7474649693857656747,2,['trec5'],False
7471237922751698847,2,['trec6'],False
7468557589792065662,2,['trec5'],False
7036209332533437864,2,['trec6'],False
7033689315145320507,2,['trec5'],False
6903234420066798638,2,['trec5'],False
6850808087299356361,2,['trec6'],False
6702465285561579306,2,['trec7'],False
6668938384642501991,2,['trec7'],False
6615002433436577319,2,['trec5'],False
6615001875090828839,2,['trec5'],False
6470886695670966819,2,['trec5'],False
16972110041100149161,2,['trec7'],False
16842803632113098621,2,['trec7'],False
16842803632113098589,2,['trec7'],False
16842803632113098585,2,['trec7'],False
16838009761416063576,2,['trec5'],False
16829285153887136350,2,['trec7'],False
16829284054376032858,2,['trec7'],False
17130752534362373977,2,['trec5'],False
17126985347655157547,2,['trec7'],False
17117527339796635353,2,['trec7'],False
17048775165860443309,2,['trec7'],False
17046569393732954952,2,['trec5'],False
17045337674667191722,2,['trec5'],False
16995472487337271481,2,['trec7'],False
16989035943381934265,2,['trec5'],False
16977919116524085433,2,['trec6'],False
16977919047804641721,2,['trec6'],False
7177804576235687227,2,['trec5'],False
7177804438930820155,2,['trec5'],False
7177795638542830651,2,['trec5'],False
7173578480032507065,2,['trec5'],False
7173301252559964219,2,['trec5'],False
7038062627205595037,2,['trec7'],False
6272755901881346971,2,['trec5'],False
6254574355020641513,2,['trec5'],False
6178510610513968556,2,['trec7'],False
6177512878890730038,2,['trec6'],False
6177512741451776566,2,['trec6'],False
6168505679635989046,2,['trec6'],False
6112912601633443252,2,['trec5'],False
17130998823893770073,2,['trec7'],False
17130998823892721657,2,['trec7'],False
17130998823624286169,2,['trec7'],False
17130990027799699417,2,['trec7'],False
17130897668689280857,2,['trec5'],False
17130893270642761561,2,['trec5'],False
17130858086404898809,2,['trec7'],False
17130858086135930841,2,['trec7'],False
17130858086115483609,2,['trec7'],False
5158864080742334346,2,['trec7'],False
5083789572348936633,2,['trec5'],False
5027320248392336189,2,['trec7'],False
17131034008264810457,2,['trec7'],False
17131034008264806169,2,['trec5'],False
17131034007996899097,2,['trec5'],False
17131034007996895001,2,['trec5'],False
17131034007996374873,2,['trec6'],False
17131034005832638425,2,['trec5'],False
17131025212172312409,2,['trec5'],False
17131003221940281337,2,['trec7'],False
5748197009614015359,2,['trec5'],False
5747468532805101359,2,['trec5'],False
5690502293020651098,2,['trec7'],False
5690361555532295194,2,['trec7'],False
6457376446553057889,2,['trec5'],False
17264877576696552557,2,['trec7'],False
17230254073552036395,2,['trec5'],False
17148593226124532233,2,['trec7'],False
17131491403609331465,2,['trec5'],False
17131104376742125401,2,['trec5'],False
17131035107776438233,2,['trec7'],False
17131034008265351001,2,['trec5'],False
17131034008264871769,2,['trec7'],False
5681493968493389885,2,['trec7'],False
5681476376307874429,2,['trec7'],False
5678316166297069498,2,['trec5'],False
5584943666173113642,2,['trec7'],False
5461911086318204443,2,['trec7'],False
5448694879089443262,2,['trec7'],False
5448572282737508798,2,['trec7'],False
5300094283996564286,2,['trec6'],False
4160523045477345889,2,['trec5'],False
4118995645982719897,2,['trec5'],False
4099888834678302625,2,['trec7'],False
4002766597818139068,2,['trec7'],False
3960277316360676133,2,['trec7'],False
3953470322417201084,2,['trec5'],False
3901645865281866643,2,['trec5'],False
17697823454793488267,2,['trec5'],False
17636000117590981145,2,['trec5'],False
17626326336840299403,2,['trec7'],False
17621822737480316811,2,['trec7'],False
17405444209650665381,2,['trec5'],False
17396435259798281886,2,['trec5'],False
17392454895421541505,2,['trec6'],False
17364794873917453036,2,['trec5'],False
17265797253681620158,2,['trec6'],False
3561377204516118174,2,['trec5'],False
3534392700477556094,2,['trec5'],False
17707075868112752537,2,['trec7'],False
17703454350683851359,2,['trec5'],False
17703448556286435209,2,['trec7'],False
17703448556286429065,2,['trec7'],False
17703448556285382537,2,['trec7'],False
17702850387696592873,2,['trec7'],False
17697825653816743819,2,['trec5'],False
17697825653816612747,2,['trec5'],False
5015443437539729462,2,['trec6'],False
5009447686877133349,2,['trec5'],False
4830123394770493873,2,['trec5'],False
4721359119765841320,2,['trec6'],False
4609078727815012043,2,['trec5'],False
4374428624667601824,2,['trec5'],False
2936826387150793949,2,['trec7'],False
2936826387136113885,2,['trec7'],False
2908671350731400633,2,['trec5'],False
17707345224420462553,2,['trec5'],False
17707345224420462537,2,['trec5'],False
17707318837215141833,2,['trec5'],False
17707318836275617737,2,['trec5'],False
17707318836141393801,2,['trec5'],False
17707310041122115529,2,['trec5'],False
17707310040182591449,2,['trec5'],False
3859808678261275111,2,['trec5'],False
3652324372873584155,2,['trec7'],False
3599708402696284973,2,['trec7'],False
3599708284584684333,2,['trec7'],False
3584207428509605403,2,['trec7'],False
3579393101874440365,2,['trec5'],False
2721469055370515634,2,['trec5'],False
2721348656509652665,2,['trec5'],False
2716047201972334522,2,['trec7'],False
2707699731336693181,2,['trec5'],False
2706495748923696318,2,['trec7'],False
17707389210251155337,2,['trec6'],False
17707389205960378249,2,"['trec5', 'trec7']",True
3530135793756255160,2,['trec7'],False
3507646234844306971,2,['trec7'],False
3463440884131627425,2,['trec5'],False
3435472147117606841,2,['trec5'],False
3379599604563203937,2,['trec5'],False
3336601268007780394,2,['trec7'],False
3138791577430581737,2,['trec7'],False
3106127538319442366,2,['trec7'],False
3012079315926854073,2,['trec5'],False
17707952155912722313,2,"['trec5', 'trec7']",True
17707635225981011113,2,['trec5'],False
17707494777740238841,2,['trec7'],False
17707494758001844185,2,['trec5'],False
17707485966338007001,2,['trec5'],False
17707485961908817913,2,['trec5'],False
2876719478446212520,2,['trec7'],False
2872677742420861374,2,['trec7'],False
2863529249368237465,2,['trec5'],False
2858705079936738728,2,['trec7'],False
2854659884557722043,2,['trec7'],False
2854344876339880362,2,['trec5'],False
2847557610523820988,2,['trec7'],False
2795659684390503865,2,['trec5'],False
2777645285910382009,2,['trec5'],False
2777640887829792185,2,['trec5'],False
2577300471162738875,2,['trec5'],False
2566256341517314480,2,['trec5'],False
2566083786910634409,2,['trec5'],False
2523225385334225051,2,['trec5'],False
2479309720481906605,2,['trec5'],False
2435476728538194361,2,['trec6'],False
2422130863068821408,2,['trec6'],False
2421115492810839065,2,['trec7'],False
2415915712143868348,2,['trec7'],False
2415353586985435577,2,['trec5'],False
2349027630923104697,2,['trec5'],False
2346079012057418534,2,['trec5'],False
2314712150875272108,2,['trec7'],False
2271270948559940315,2,['trec7'],False
17707952155912754057,2,['trec5'],False
17707952155912753929,2,['trec5'],False
1928070682043172901,2,['trec5'],False
1784891248937383343,2,['trec5'],False
1784891248920606191,2,['trec5'],False
1770025823646089400,2,['trec5'],False
1699533872626876298,2,['trec7'],False
1698967741579442170,2,['trec7'],False
1566824592086580366,2,['trec7'],False
17707952160204576649,2,['trec7'],False
17707952155979863945,2,['trec7'],False
17707952155975669641,2,['trec7'],False
17707952155929532297,2,['trec7'],False
17707952155913017225,2,['trec5'],False
17707952155912820617,2,['trec7'],False
17707952155912763273,2,"['trec5', 'trec7']",True
17707952155912755083,2,['trec7'],False
2669983387222796477,2,['trec7'],False
1420858252503755658,2,['trec7'],False
1420252266819891172,2,['trec5'],False
1413191344099357099,2,['trec5'],False
1411305695498289034,2,['trec7'],False
1269324650064096697,2,['trec5'],False
1267040964514397880,2,['trec7'],False
1267040964514332600,2,['trec7'],False
17725158400564181033,2,['trec7'],False
17708022524656915209,2,['trec5'],False
17708002184041902008,2,['trec5'],False
17707998335688294392,2,['trec5'],False
17707997785932611576,2,['trec5'],False
17707987357499312009,2,['trec7'],False
17707980193742237624,2,['trec5'],False
2233486888035863863,2,['trec5'],False
1949861699299258765,2,['trec7'],False
17995828489785873097,2,['trec5'],False
17995571191071260057,2,['trec5'],False
17995571191070997897,2,['trec5'],False
17995514097059282553,2,['trec7'],False
17995514097055612537,2,['trec7'],False
17919077084448942010,2,['trec5'],False
17869225851006875243,2,['trec5'],False
17837818762728242152,2,['trec5'],False
17725721350517733417,2,['trec7'],False
17725721346222766633,2,['trec7'],False
17725720251006105641,2,['trec7'],False
17725436040344809464,2,['trec5'],False
1501737265452196267,2,['trec5'],False
1496514951989085587,2,['trec7'],False
1461201501548355747,2,['trec5'],False
1461166299996397739,2,['trec5'],False
18013528444017229401,2,['trec7'],False
18013528444017221241,2,['trec7'],False
18013528444017090137,2,['trec7'],False
18012404812926869117,2,['trec7'],False
18012404812926869085,2,['trec7'],False
18011276645814148733,2,['trec7'],False
18011276645814148697,2,['trec7'],False
18011276645814017657,2,['trec7'],False
18011276645814017625,2,['trec7'],False
18011276644740275801,2,['trec7'],False
18011276644203535961,2,['trec7'],False
18011276628634279545,2,['trec7'],False
18010152943856688765,2,['trec7'],False
18009101116642586267,2,['trec5'],False
18006849286755995291,2,['trec5'],False
18006849282469162651,2,['trec5'],False
1136223690971120315,2,['trec5'],False
1124118948392689834,2,['trec5'],False
1124094625992928568,2,['trec5'],False
1118493108059283962,2,['trec7'],False
1048623392123365800,2,['trec7'],False
969656475456212153,2,['trec5'],False
905195269597857514,2,['trec5'],False
18279491481610499481,2,['trec5'],False
18279491481339966873,2,['trec5'],False
18270343523067418617,2,"['trec6', 'trec7']",True
18199491035787145032,2,['trec5'],False
18199473452182646600,2,['trec5'],False
18199473452182645512,2,['trec5'],False
18100596095166913363,2,['trec6'],False
18013623414410405035,2,['trec5'],False
18013528495569288825,2,['trec7'],False
18283911529840156633,2,['trec5'],False
18283871935967018393,2,['trec5'],False
18283805976858107865,2,['trec5'],False
18283805976858107849,2,['trec5'],False
18283801567222840729,2,['trec5'],False
18283801567189286297,2,['trec5'],False
18283801567189024153,2,['trec5'],False
18283770794918199257,2,['trec7'],False
18283770792351797193,2,['trec5'],False
18283604754358122537,2,['trec7'],False
1267040964380180152,2,['trec7'],False
1263617575197939388,2,['trec5'],False
1219821466975400171,2,['trec5'],False
1141098514016189354,2,['trec7'],False
1141098513932303274,2,['trec7'],False
1136417327289492151,2,['trec6'],False
689273184789627007,2,['trec7'],False
686430805840626266,2,['trec6'],False
631982835426370747,2,['trec5'],False
617448399590893530,2,['trec7'],False
615833354795928362,2,['trec7'],False
614106960450267064,2,['trec7'],False
614102545223886778,2,['trec7'],False
573414062752801963,2,['trec7'],False
571017206720873896,2,['trec7'],False
570876469232518568,2,['trec7'],False
18283942304711196041,2,['trec5'],False
18283942304679739289,2,['trec5'],False
18283920328499568633,2,['trec7'],False
18283920325933178825,2,['trec5'],False
18283911534269341657,2,['trec5'],False
18283911532138635225,2,['trec7'],False
558419469331512202,2,['trec7'],False
556167669526182794,2,['trec7'],False
555531743379633163,2,['trec7'],False
548866362419329962,2,['trec7'],False
546615112487353226,2,['trec7'],False
546614567043283850,2,['trec7'],False
541747021887384729,2,['trec5'],False
415860766239467229,2,['trec6'],False
18283955510439481321,2,['trec5'],False
18283946718641430489,2,['trec5'],False
18283946714346459129,2,['trec5'],False
18283946714212245465,2,['trec5'],False
18283946714212241369,2,['trec5'],False
877298248040647517,2,['trec7'],False
837027001798476222,2,['trec7'],False
814187749652543002,2,"['trec5', 'trec7']",True
18301610356774582793,2,['trec7'],False
18284553645704533769,2,['trec5'],False
18284553645704532745,2,['trec5'],False
18284412908216177417,2,['trec5'],False
18284342539472000793,2,['trec5'],False
18284166604800048169,2,['trec7'],False
18283955512871657433,2,"['trec5', 'trec7']",True
18283955512863267835,2,['trec7'],False
18283955512603221977,2,['trec7'],False
18283955510707920857,2,['trec5'],False
565192460958645130,2,['trec7'],False
564635562622532490,2,['trec7'],False
564209645008914104,2,['trec5'],False
558437061517556618,2,['trec7'],False
558437061383307178,2,['trec7'],False
558436511627557802,2,['trec7'],False
18301619152867605001,2,['trec7'],False
165661054116032929,2,['trec5'],False
124221220703880078,2,['trec7'],False
116441087416369212,2,['trec7'],False
116402591404403111,2,['trec5'],False
114119459907551160,2,['trec7'],False
114119459840442040,2,['trec7'],False
112210707570730425,2,['trec5'],False
111798381060745646,2,['trec7'],False
109684047180965053,2,['trec6'],False
109509203220922812,2,['trec7'],False
48237251443811071,2,['trec7'],False
44168495637627061,2,['trec6'],False
24779745180264106,2,['trec7'],False
383980423991525931,2,['trec6'],False
364084649700885431,2,['trec6'],False
10073617156051545785,2,['trec5'],False
10073443003717617849,2,['trec5'],False
10073440821874108601,2,['trec5'],False
10073440821874100409,2,['trec5'],False
10071664693715250937,2,['trec5'],False
10071655330955070715,2,['trec5'],False
10071646551639142137,2,['trec5'],False
10071364924358550715,2,['trec5'],False
10071321235917974666,2,['trec5'],False
10071224622809736377,2,['trec5'],False
10070511847388819448,2,['trec5'],False
18302181003292752425,2,['trec7'],False
18301619152875993641,2,['trec7'],False
18301619152867753001,2,['trec7'],False
18301619152867736105,2,['trec7'],False
18301619152867620905,2,['trec7'],False
